Date,Company,Open,High,Low,Close,Volume
2023-01-01,TCS,3513,3560,3503,3516,2866740
2023-01-02,TCS,3526,3546,3510,3536,969752
2023-01-03,TCS,3547,3570,3495,3503,697464
2023-01-04,TCS,3504,3562,3452,3459,1871619
2023-01-05,TCS,3435,3486,3421,3434,812207
2023-01-06,TCS,3404,3432,3394,3427,4597093
2023-01-07,TCS,3440,3493,3411,3463,4614324
2023-01-08,TCS,3472,3516,3462,3507,2329760
2023-01-09,TCS,3508,3543,3466,3519,1412524
2023-01-10,TCS,3519,3536,3504,3529,2264714
2023-01-11,TCS,3516,3576,3457,3553,1263525
2023-01-12,TCS,3570,3582,3542,3574,4911338
2023-01-13,TCS,3568,3598,3538,3574,4340475
2023-01-14,TCS,3567,3615,3520,3579,3676028
2023-01-15,TCS,3604,3646,3589,3634,2603735
2023-01-16,TCS,3610,3640,3578,3586,3111318
2023-01-17,TCS,3589,3646,3534,3565,3624953
2023-01-18,TCS,3575,3609,3515,3534,3601056
2023-01-19,TCS,3504,3514,3473,3507,4538518
2023-01-20,TCS,3497,3519,3487,3507,568917
2023-01-21,TCS,3482,3509,3432,3486,2366202
2023-01-22,TCS,3466,3487,3415,3486,912122
2023-01-23,TCS,3467,3480,3410,3420,3348895
2023-01-24,TCS,3401,3436,3362,3432,2423788
2023-01-25,TCS,3416,3426,3376,3402,1674279
2023-01-26,TCS,3410,3452,3356,3430,4017806
2023-01-27,TCS,3437,3485,3414,3439,2631540
2023-01-28,TCS,3450,3506,3409,3428,1747220
2023-01-29,TCS,3443,3490,3433,3459,4837003
2023-01-30,TCS,3475,3531,3449,3461,2053674
2023-01-31,TCS,3481,3528,3434,3491,3557278
2023-02-01,TCS,3491,3527,3456,3479,4784252
2023-02-02,TCS,3503,3550,3470,3506,3902114
2023-02-03,TCS,3488,3516,3443,3462,678437
2023-02-04,TCS,3488,3519,3428,3468,4471667
2023-02-05,TCS,3452,3511,3396,3401,3017756
2023-02-06,TCS,3421,3468,3376,3400,4691027
2023-02-07,TCS,3393,3436,3369,3421,1588109
2023-02-08,TCS,3428,3473,3406,3469,1795152
2023-02-09,TCS,3499,3525,3467,3497,1823373
2023-02-10,TCS,3509,3551,3483,3537,2021227
2023-02-11,TCS,3522,3572,3495,3529,2392814
2023-02-12,TCS,3537,3559,3514,3533,4878481
2023-02-13,TCS,3528,3562,3484,3512,1571893
2023-02-14,TCS,3539,3587,3527,3542,1733850
2023-02-15,TCS,3557,3581,3538,3548,4416837
2023-02-16,TCS,3551,3609,3496,3503,4852881
2023-02-17,TCS,3499,3553,3440,3451,1629829
2023-02-18,TCS,3443,3461,3424,3446,4032120
2023-02-19,TCS,3433,3476,3403,3404,3081853
2023-02-20,TCS,3380,3428,3351,3423,4253206
2023-02-21,TCS,3439,3482,3412,3453,3245818
2023-02-22,TCS,3431,3445,3417,3421,524090
2023-02-23,TCS,3422,3434,3366,3374,2691741
2023-02-24,TCS,3385,3435,3365,3395,4562427
2023-02-25,TCS,3417,3459,3361,3400,725180
2023-02-26,TCS,3411,3423,3373,3375,2549598
2023-02-27,TCS,3356,3406,3340,3389,3372755
2023-02-28,TCS,3418,3428,3391,3428,4186578
2023-03-01,TCS,3412,3469,3361,3455,655860
2023-03-02,TCS,3469,3525,3456,3514,4160592
2023-03-03,TCS,3504,3562,3484,3500,596195
2023-03-04,TCS,3471,3496,3460,3466,2691879
2023-03-05,TCS,3449,3505,3439,3475,2689279
2023-03-06,TCS,3482,3492,3472,3491,4502450
2023-03-07,TCS,3511,3564,3475,3496,4072500
2023-03-08,TCS,3514,3533,3489,3520,2426985
2023-03-09,TCS,3510,3522,3497,3497,4919321
2023-03-10,TCS,3488,3543,3438,3507,4578320
2023-03-11,TCS,3484,3505,3467,3478,3987508
2023-03-12,TCS,3506,3535,3452,3532,4064059
2023-03-13,TCS,3549,3592,3489,3580,909254
2023-03-14,TCS,3564,3585,3542,3567,3618349
2023-03-15,TCS,3583,3617,3545,3559,891463
2023-03-16,TCS,3576,3626,3518,3585,3147407
2023-03-17,TCS,3556,3571,3501,3567,3837659
2023-03-18,TCS,3565,3598,3549,3560,4363335
2023-03-19,TCS,3561,3621,3540,3553,1739561
2023-03-20,TCS,3540,3599,3511,3574,641243
2023-03-21,TCS,3549,3597,3526,3565,3092760
2023-03-22,TCS,3595,3653,3560,3638,4491906
2023-03-23,TCS,3638,3653,3590,3598,3880541
2023-03-24,TCS,3613,3625,3571,3620,2098134
2023-03-25,TCS,3650,3679,3611,3640,2206961
2023-03-26,TCS,3660,3688,3627,3655,1791620
2023-03-27,TCS,3640,3700,3615,3685,3699385
2023-03-28,TCS,3692,3708,3648,3677,3264790
2023-03-29,TCS,3661,3716,3633,3701,4339238
2023-03-30,TCS,3704,3757,3671,3693,2213281
2023-03-31,TCS,3713,3728,3698,3725,1884120
2023-04-01,TCS,3722,3769,3677,3713,2446941
2023-04-02,TCS,3729,3762,3699,3750,1744602
2023-04-03,TCS,3732,3744,3704,3742,3387086
2023-04-04,TCS,3756,3776,3743,3760,2895122
2023-04-05,TCS,3757,3803,3738,3759,2705742
2023-04-06,TCS,3737,3760,3682,3693,3619083
2023-04-07,TCS,3688,3700,3668,3699,3208169
2023-04-08,TCS,3688,3703,3669,3703,4723319
2023-04-09,TCS,3731,3750,3699,3748,1157056
2023-04-10,TCS,3725,3764,3697,3724,1075388
2023-04-11,TCS,3713,3758,3692,3742,4809669
2023-04-12,TCS,3741,3784,3705,3776,3256650
2023-04-13,TCS,3772,3796,3733,3744,1650730
2023-04-14,TCS,3722,3758,3675,3694,4371303
2023-04-15,TCS,3723,3779,3669,3687,1121685
2023-04-16,TCS,3710,3731,3663,3693,2177290
2023-04-17,TCS,3714,3742,3662,3725,1044457
2023-04-18,TCS,3741,3771,3682,3744,2906250
2023-04-19,TCS,3773,3789,3757,3778,4722677
2023-04-20,TCS,3780,3823,3729,3739,1990062
2023-04-21,TCS,3739,3784,3692,3762,1058439
2023-04-22,TCS,3768,3788,3719,3772,2429916
2023-04-23,TCS,3750,3796,3701,3764,838024
2023-04-24,TCS,3793,3807,3758,3778,3603876
2023-04-25,TCS,3754,3774,3716,3770,1459903
2023-04-26,TCS,3747,3796,3691,3741,750623
2023-04-27,TCS,3768,3825,3754,3809,4838265
2023-04-28,TCS,3820,3831,3803,3810,1367708
2023-04-29,TCS,3782,3835,3769,3800,795104
2023-04-30,TCS,3786,3821,3765,3808,3199974
2023-01-01,INFY,1472,1506,1443,1480,1304668
2023-01-02,INFY,1474,1507,1456,1459,2234852
2023-01-03,INFY,1441,1496,1382,1496,3479180
2023-01-04,INFY,1523,1548,1466,1467,3851518
2023-01-05,INFY,1481,1494,1455,1456,3218218
2023-01-06,INFY,1448,1483,1429,1482,2088755
2023-01-07,INFY,1459,1473,1448,1470,4090783
2023-01-08,INFY,1472,1525,1429,1457,747802
2023-01-09,INFY,1472,1498,1439,1489,4298017
2023-01-10,INFY,1485,1534,1455,1466,2746862
2023-01-11,INFY,1471,1484,1420,1452,3826149
2023-01-12,INFY,1465,1493,1427,1486,3159955
2023-01-13,INFY,1467,1506,1441,1467,783580
2023-01-14,INFY,1488,1530,1464,1503,2824573
2023-01-15,INFY,1521,1548,1465,1495,3190427
2023-01-16,INFY,1465,1485,1426,1441,2540809
2023-01-17,INFY,1424,1468,1374,1396,4966705
2023-01-18,INFY,1386,1431,1338,1374,4142427
2023-01-19,INFY,1399,1453,1361,1431,4195798
2023-01-20,INFY,1431,1460,1401,1407,2017727
2023-01-21,INFY,1377,1403,1336,1402,2885902
2023-01-22,INFY,1383,1404,1358,1380,3631186
2023-01-23,INFY,1374,1394,1342,1378,1407772
2023-01-24,INFY,1352,1388,1332,1383,2537353
2023-01-25,INFY,1395,1452,1354,1427,4801766
2023-01-26,INFY,1442,1470,1406,1431,1320641
2023-01-27,INFY,1402,1444,1379,1381,4728570
2023-01-28,INFY,1357,1385,1314,1316,3737396
2023-01-29,INFY,1340,1351,1280,1351,4216714
2023-01-30,INFY,1329,1369,1312,1339,4692911
2023-01-31,INFY,1335,1361,1277,1301,4128151
2023-02-01,INFY,1309,1347,1257,1322,4107573
2023-02-02,INFY,1334,1378,1301,1304,3506308
2023-02-03,INFY,1318,1377,1260,1335,4358943
2023-02-04,INFY,1357,1399,1317,1353,1225068
2023-02-05,INFY,1340,1385,1294,1379,4517421
2023-02-06,INFY,1391,1405,1375,1396,4923090
2023-02-07,INFY,1402,1445,1379,1431,1107220
2023-02-08,INFY,1448,1491,1395,1483,1776212
2023-02-09,INFY,1464,1500,1406,1417,3444328
2023-02-10,INFY,1401,1451,1384,1409,1577528
2023-02-11,INFY,1410,1458,1355,1376,2516183
2023-02-12,INFY,1383,1398,1373,1373,4711712
2023-02-13,INFY,1400,1417,1386,1393,2703748
2023-02-14,INFY,1378,1394,1339,1388,1649322
2023-02-15,INFY,1365,1377,1339,1344,4555545
2023-02-16,INFY,1343,1390,1319,1369,4785828
2023-02-17,INFY,1346,1364,1336,1338,4882411
2023-02-18,INFY,1332,1343,1278,1310,1142038
2023-02-19,INFY,1315,1371,1259,1301,4473536
2023-02-20,INFY,1280,1315,1230,1304,1511436
2023-02-21,INFY,1318,1345,1263,1291,2352896
2023-02-22,INFY,1319,1342,1259,1261,3546279
2023-02-23,INFY,1277,1330,1255,1261,4567779
2023-02-24,INFY,1241,1268,1214,1252,969936
2023-02-25,INFY,1244,1301,1184,1290,3845209
2023-02-26,INFY,1283,1327,1267,1323,4884534
2023-02-27,INFY,1344,1366,1287,1340,3905931
2023-02-28,INFY,1313,1347,1259,1321,1779318
2023-03-01,INFY,1344,1378,1323,1346,4232161
2023-03-02,INFY,1318,1334,1289,1321,4100193
2023-03-03,INFY,1309,1368,1263,1280,1407685
2023-03-04,INFY,1285,1306,1269,1284,4961420
2023-03-05,INFY,1283,1322,1229,1285,940725
2023-03-06,INFY,1282,1336,1225,1312,4674910
2023-03-07,INFY,1319,1365,1293,1337,4028717
2023-03-08,INFY,1330,1358,1279,1313,1142460
2023-03-09,INFY,1332,1351,1309,1327,2697949
2023-03-10,INFY,1325,1364,1268,1305,1206432
2023-03-11,INFY,1316,1358,1260,1280,3490337
2023-03-12,INFY,1280,1312,1221,1261,1657942
2023-03-13,INFY,1270,1324,1235,1240,3059326
2023-03-14,INFY,1229,1274,1201,1201,938134
2023-03-15,INFY,1205,1239,1195,1203,4051905
2023-03-16,INFY,1211,1263,1158,1205,2738237
2023-03-17,INFY,1197,1226,1138,1174,3418489
2023-03-18,INFY,1169,1215,1129,1137,3462311
2023-03-19,INFY,1139,1192,1092,1120,1324513
2023-03-20,INFY,1094,1146,1076,1107,2558474
2023-03-21,INFY,1135,1169,1085,1166,3709436
2023-03-22,INFY,1179,1197,1131,1163,1670796
2023-03-23,INFY,1144,1168,1115,1162,4048101
2023-03-24,INFY,1179,1189,1144,1159,4404263
2023-03-25,INFY,1157,1179,1109,1174,3052712
2023-03-26,INFY,1196,1229,1148,1157,4851286
2023-03-27,INFY,1153,1184,1135,1183,2619762
2023-03-28,INFY,1204,1224,1173,1209,3508755
2023-03-29,INFY,1215,1225,1181,1201,4971508
2023-03-30,INFY,1186,1211,1144,1165,3027198
2023-03-31,INFY,1169,1182,1150,1170,1890289
2023-04-01,INFY,1160,1201,1127,1200,4023592
2023-04-02,INFY,1228,1238,1204,1210,3155026
2023-04-03,INFY,1183,1211,1166,1209,4370642
2023-04-04,INFY,1181,1212,1170,1190,3845967
2023-04-05,INFY,1204,1230,1146,1186,1598047
2023-04-06,INFY,1214,1253,1177,1182,3324121
2023-04-07,INFY,1156,1181,1105,1166,634665
2023-04-08,INFY,1141,1191,1111,1181,3888231
2023-04-09,INFY,1156,1172,1101,1162,4453425
2023-04-10,INFY,1143,1186,1084,1186,990236
2023-04-11,INFY,1183,1229,1167,1208,3041798
2023-04-12,INFY,1237,1252,1192,1217,2406121
2023-04-13,INFY,1210,1222,1167,1200,3974330
2023-04-14,INFY,1175,1217,1140,1143,742879
2023-04-15,INFY,1173,1195,1144,1164,4285347
2023-04-16,INFY,1142,1182,1082,1173,3081086
2023-04-17,INFY,1148,1197,1111,1138,1902040
2023-04-18,INFY,1124,1166,1096,1110,1083191
2023-04-19,INFY,1107,1162,1052,1157,2927862
2023-04-20,INFY,1163,1220,1117,1173,2149152
2023-04-21,INFY,1185,1198,1159,1166,905009
2023-04-22,INFY,1145,1184,1116,1144,3499763
2023-04-23,INFY,1157,1184,1142,1168,966355
2023-04-24,INFY,1141,1163,1109,1142,3644255
2023-04-25,INFY,1153,1210,1126,1206,2412278
2023-04-26,INFY,1199,1254,1174,1226,1462282
2023-04-27,INFY,1225,1253,1210,1225,1851743
2023-04-28,INFY,1198,1239,1172,1201,4239149
2023-04-29,INFY,1185,1227,1144,1166,2165544
2023-04-30,INFY,1149,1205,1133,1154,579554
2023-01-01,RELIANCE,2491,2550,2477,2488,4320720
2023-01-02,RELIANCE,2473,2484,2419,2483,1422047
2023-01-03,RELIANCE,2461,2505,2406,2467,633788
2023-01-04,RELIANCE,2466,2479,2430,2450,4934892
2023-01-05,RELIANCE,2441,2475,2411,2411,1059716
2023-01-06,RELIANCE,2401,2428,2346,2354,4566555
2023-01-07,RELIANCE,2338,2375,2315,2339,1224259
2023-01-08,RELIANCE,2312,2339,2301,2332,2152970
2023-01-09,RELIANCE,2340,2353,2299,2317,2376053
2023-01-10,RELIANCE,2337,2385,2301,2383,927305
2023-01-11,RELIANCE,2400,2418,2349,2370,4093780
2023-01-12,RELIANCE,2370,2411,2360,2372,734876
2023-01-13,RELIANCE,2350,2366,2325,2359,1279172
2023-01-14,RELIANCE,2376,2413,2321,2368,4873812
2023-01-15,RELIANCE,2375,2405,2357,2363,4493402
2023-01-16,RELIANCE,2365,2381,2339,2374,4083866
2023-01-17,RELIANCE,2355,2383,2344,2369,2485056
2023-01-18,RELIANCE,2385,2400,2326,2388,3109141
2023-01-19,RELIANCE,2415,2461,2359,2386,4103619
2023-01-20,RELIANCE,2360,2412,2313,2342,4551007
2023-01-21,RELIANCE,2333,2390,2307,2357,1110363
2023-01-22,RELIANCE,2347,2368,2294,2311,4212404
2023-01-23,RELIANCE,2297,2340,2278,2316,567072
2023-01-24,RELIANCE,2341,2390,2294,2316,2540441
2023-01-25,RELIANCE,2295,2349,2263,2300,3283739
2023-01-26,RELIANCE,2318,2341,2275,2315,1200636
2023-01-27,RELIANCE,2320,2371,2270,2355,4113622
2023-01-28,RELIANCE,2343,2382,2321,2358,1573741
2023-01-29,RELIANCE,2387,2420,2346,2366,4940587
2023-01-30,RELIANCE,2386,2409,2346,2401,4393776
2023-01-31,RELIANCE,2401,2457,2342,2416,1252056
2023-02-01,RELIANCE,2428,2459,2392,2410,1561970
2023-02-02,RELIANCE,2418,2470,2384,2420,2455605
2023-02-03,RELIANCE,2435,2481,2414,2418,4916013
2023-02-04,RELIANCE,2396,2444,2349,2424,2255799
2023-02-05,RELIANCE,2407,2454,2373,2411,2981048
2023-02-06,RELIANCE,2412,2423,2352,2354,4413084
2023-02-07,RELIANCE,2367,2425,2313,2421,2570307
2023-02-08,RELIANCE,2442,2476,2392,2458,3958468
2023-02-09,RELIANCE,2476,2513,2439,2451,4439399
2023-02-10,RELIANCE,2434,2494,2407,2473,3090824
2023-02-11,RELIANCE,2443,2474,2405,2438,2857342
2023-02-12,RELIANCE,2464,2519,2406,2468,3263161
2023-02-13,RELIANCE,2441,2460,2430,2440,4514124
2023-02-14,RELIANCE,2426,2475,2398,2420,1076133
2023-02-15,RELIANCE,2442,2464,2393,2422,4759976
2023-02-16,RELIANCE,2418,2438,2375,2409,3806058
2023-02-17,RELIANCE,2382,2435,2368,2394,4471100
2023-02-18,RELIANCE,2366,2419,2353,2413,1660258
2023-02-19,RELIANCE,2433,2490,2381,2415,691718
2023-02-20,RELIANCE,2405,2441,2385,2433,1626506
2023-02-21,RELIANCE,2443,2489,2425,2439,981923
2023-02-22,RELIANCE,2459,2499,2428,2471,4310840
2023-02-23,RELIANCE,2449,2490,2411,2459,1674538
2023-02-24,RELIANCE,2488,2507,2456,2493,812498
2023-02-25,RELIANCE,2513,2530,2463,2482,4868676
2023-02-26,RELIANCE,2456,2498,2410,2496,2597957
2023-02-27,RELIANCE,2467,2506,2454,2466,741627
2023-02-28,RELIANCE,2439,2490,2408,2416,2306445
2023-03-01,RELIANCE,2404,2426,2348,2386,758454
2023-03-02,RELIANCE,2407,2462,2377,2415,2331558
2023-03-03,RELIANCE,2416,2459,2370,2408,1547558
2023-03-04,RELIANCE,2403,2445,2352,2415,1436959
2023-03-05,RELIANCE,2410,2423,2381,2382,766911
2023-03-06,RELIANCE,2357,2403,2323,2389,4828465
2023-03-07,RELIANCE,2419,2465,2360,2411,4996063
2023-03-08,RELIANCE,2399,2435,2389,2403,4244061
2023-03-09,RELIANCE,2404,2434,2358,2413,521060
2023-03-10,RELIANCE,2414,2436,2399,2424,656346
2023-03-11,RELIANCE,2416,2434,2398,2423,2882884
2023-03-12,RELIANCE,2410,2449,2372,2395,2668133
2023-03-13,RELIANCE,2370,2404,2352,2397,2481632
2023-03-14,RELIANCE,2384,2434,2348,2354,4250826
2023-03-15,RELIANCE,2329,2364,2298,2361,3809317
2023-03-16,RELIANCE,2345,2358,2287,2336,4233433
2023-03-17,RELIANCE,2339,2373,2279,2290,2442363
2023-03-18,RELIANCE,2302,2358,2259,2331,1618386
2023-03-19,RELIANCE,2354,2400,2303,2352,3697998
2023-03-20,RELIANCE,2339,2378,2286,2348,900158
2023-03-21,RELIANCE,2363,2414,2341,2358,3647816
2023-03-22,RELIANCE,2377,2409,2339,2401,4922368
2023-03-23,RELIANCE,2401,2428,2386,2418,975013
2023-03-24,RELIANCE,2394,2422,2375,2400,4929948
2023-03-25,RELIANCE,2383,2409,2344,2374,2278306
2023-03-26,RELIANCE,2349,2364,2313,2334,4670946
2023-03-27,RELIANCE,2315,2367,2266,2298,3355563
2023-03-28,RELIANCE,2275,2335,2246,2292,3182065
2023-03-29,RELIANCE,2277,2306,2262,2302,822970
2023-03-30,RELIANCE,2314,2372,2278,2349,4894581
2023-03-31,RELIANCE,2366,2416,2349,2407,1014764
2023-04-01,RELIANCE,2389,2414,2339,2378,4662783
2023-04-02,RELIANCE,2387,2427,2340,2418,4816447
2023-04-03,RELIANCE,2411,2458,2362,2398,2892098
2023-04-04,RELIANCE,2417,2473,2374,2410,1387994
2023-04-05,RELIANCE,2432,2473,2382,2402,4609552
2023-04-06,RELIANCE,2416,2446,2376,2433,1709212
2023-04-07,RELIANCE,2420,2432,2375,2428,1433162
2023-04-08,RELIANCE,2444,2482,2431,2436,4116151
2023-04-09,RELIANCE,2427,2484,2381,2413,660658
2023-04-10,RELIANCE,2428,2458,2413,2432,2848830
2023-04-11,RELIANCE,2441,2483,2384,2463,3364223
2023-04-12,RELIANCE,2488,2539,2472,2528,760017
2023-04-13,RELIANCE,2512,2554,2470,2478,895641
2023-04-14,RELIANCE,2454,2476,2399,2458,1296907
2023-04-15,RELIANCE,2458,2487,2421,2481,4988903
2023-04-16,RELIANCE,2467,2487,2437,2481,1154740
2023-04-17,RELIANCE,2451,2476,2412,2461,4395866
2023-04-18,RELIANCE,2491,2546,2440,2478,2828809
2023-04-19,RELIANCE,2475,2526,2445,2502,1885185
2023-04-20,RELIANCE,2476,2490,2438,2448,1974197
2023-04-21,RELIANCE,2436,2496,2385,2391,4721192
2023-04-22,RELIANCE,2419,2454,2408,2442,1481877
2023-04-23,RELIANCE,2435,2459,2404,2423,2918731
2023-04-24,RELIANCE,2429,2446,2407,2409,2249510
2023-04-25,RELIANCE,2392,2409,2336,2364,4325697
2023-04-26,RELIANCE,2334,2377,2309,2362,1508359
2023-04-27,RELIANCE,2335,2365,2314,2337,3622608
2023-04-28,RELIANCE,2331,2345,2314,2322,2076178
2023-04-29,RELIANCE,2319,2344,2266,2287,4442309
2023-04-30,RELIANCE,2266,2301,2206,2210,1135785
2023-01-01,HDFCBANK,1570,1619,1553,1582,3063529
2023-01-02,HDFCBANK,1609,1654,1553,1590,2391977
2023-01-03,HDFCBANK,1590,1624,1571,1581,3760912
2023-01-04,HDFCBANK,1610,1657,1592,1614,3900026
2023-01-05,HDFCBANK,1627,1660,1602,1644,3351539
2023-01-06,HDFCBANK,1669,1686,1655,1685,1018412
2023-01-07,HDFCBANK,1659,1674,1603,1603,1902154
2023-01-08,HDFCBANK,1626,1650,1614,1638,1434486
2023-01-09,HDFCBANK,1608,1661,1594,1607,3200422
2023-01-10,HDFCBANK,1603,1652,1565,1620,525009
2023-01-11,HDFCBANK,1606,1637,1590,1630,3688423
2023-01-12,HDFCBANK,1619,1651,1575,1598,4667465
2023-01-13,HDFCBANK,1617,1627,1594,1624,3381578
2023-01-14,HDFCBANK,1596,1640,1552,1632,4914790
2023-01-15,HDFCBANK,1656,1714,1599,1650,2586867
2023-01-16,HDFCBANK,1634,1648,1585,1622,698935
2023-01-17,HDFCBANK,1623,1633,1565,1611,4620742
2023-01-18,HDFCBANK,1618,1642,1574,1597,2548018
2023-01-19,HDFCBANK,1569,1601,1534,1564,2577758
2023-01-20,HDFCBANK,1573,1631,1540,1558,2122965
2023-01-21,HDFCBANK,1548,1567,1524,1533,4551523
2023-01-22,HDFCBANK,1532,1551,1494,1508,1745357
2023-01-23,HDFCBANK,1510,1532,1485,1526,713852
2023-01-24,HDFCBANK,1556,1573,1514,1554,1046492
2023-01-25,HDFCBANK,1562,1588,1517,1586,2221413
2023-01-26,HDFCBANK,1592,1642,1566,1596,3533042
2023-01-27,HDFCBANK,1571,1597,1517,1520,4801136
2023-01-28,HDFCBANK,1490,1523,1479,1518,2586118
2023-01-29,HDFCBANK,1547,1589,1510,1583,3192573
2023-01-30,HDFCBANK,1604,1645,1559,1604,1666646
2023-01-31,HDFCBANK,1604,1642,1552,1561,3735900
2023-02-01,HDFCBANK,1546,1557,1517,1528,2443269
2023-02-02,HDFCBANK,1531,1581,1500,1542,3085412
2023-02-03,HDFCBANK,1512,1566,1493,1502,2185993
2023-02-04,HDFCBANK,1514,1534,1476,1502,2951450
2023-02-05,HDFCBANK,1510,1520,1462,1484,1246143
2023-02-06,HDFCBANK,1494,1549,1453,1490,4204002
2023-02-07,HDFCBANK,1504,1524,1462,1482,764299
2023-02-08,HDFCBANK,1493,1524,1434,1482,2803632
2023-02-09,HDFCBANK,1497,1555,1462,1480,2287486
2023-02-10,HDFCBANK,1490,1521,1438,1471,2315717
2023-02-11,HDFCBANK,1488,1505,1441,1482,2005624
2023-02-12,HDFCBANK,1498,1521,1467,1488,4373115
2023-02-13,HDFCBANK,1480,1499,1431,1449,1716819
2023-02-14,HDFCBANK,1439,1475,1380,1417,3105401
2023-02-15,HDFCBANK,1442,1487,1390,1419,2817632
2023-02-16,HDFCBANK,1443,1455,1428,1433,759250
2023-02-17,HDFCBANK,1412,1464,1379,1430,4001450
2023-02-18,HDFCBANK,1450,1489,1432,1432,3721815
2023-02-19,HDFCBANK,1410,1448,1361,1367,3404858
2023-02-20,HDFCBANK,1340,1393,1301,1311,794532
2023-02-21,HDFCBANK,1339,1383,1301,1344,4649724
2023-02-22,HDFCBANK,1344,1357,1284,1302,681693
2023-02-23,HDFCBANK,1308,1333,1280,1302,3465261
2023-02-24,HDFCBANK,1281,1301,1251,1271,2312301
2023-02-25,HDFCBANK,1247,1301,1209,1225,1285888
2023-02-26,HDFCBANK,1213,1265,1162,1202,4328734
2023-02-27,HDFCBANK,1198,1210,1143,1190,3264589
2023-02-28,HDFCBANK,1202,1217,1173,1214,877395
2023-03-01,HDFCBANK,1199,1248,1146,1181,1547531
2023-03-02,HDFCBANK,1175,1216,1148,1211,4606030
2023-03-03,HDFCBANK,1198,1256,1139,1165,2814835
2023-03-04,HDFCBANK,1181,1227,1159,1165,3414495
2023-03-05,HDFCBANK,1169,1189,1135,1176,3685932
2023-03-06,HDFCBANK,1172,1202,1152,1158,3574629
2023-03-07,HDFCBANK,1183,1231,1169,1224,4246825
2023-03-08,HDFCBANK,1237,1268,1193,1222,709045
2023-03-09,HDFCBANK,1221,1239,1166,1187,3374860
2023-03-10,HDFCBANK,1162,1197,1131,1149,4348907
2023-03-11,HDFCBANK,1144,1179,1118,1151,1317409
2023-03-12,HDFCBANK,1163,1200,1137,1162,2033536
2023-03-13,HDFCBANK,1190,1222,1173,1181,2238691
2023-03-14,HDFCBANK,1185,1227,1164,1211,4115961
2023-03-15,HDFCBANK,1214,1227,1202,1218,1869635
2023-03-16,HDFCBANK,1217,1265,1197,1239,823816
2023-03-17,HDFCBANK,1247,1263,1223,1241,3602929
2023-03-18,HDFCBANK,1227,1249,1199,1239,1261540
2023-03-19,HDFCBANK,1242,1297,1182,1190,3953007
2023-03-20,HDFCBANK,1161,1189,1138,1175,4692103
2023-03-21,HDFCBANK,1187,1227,1142,1194,841048
2023-03-22,HDFCBANK,1219,1271,1161,1266,2095039
2023-03-23,HDFCBANK,1279,1317,1239,1248,4676639
2023-03-24,HDFCBANK,1272,1299,1258,1260,685959
2023-03-25,HDFCBANK,1236,1279,1205,1249,2293108
2023-03-26,HDFCBANK,1255,1284,1237,1248,1976752
2023-03-27,HDFCBANK,1242,1285,1194,1226,3941763
2023-03-28,HDFCBANK,1256,1281,1240,1244,1227158
2023-03-29,HDFCBANK,1253,1277,1196,1199,4102698
2023-03-30,HDFCBANK,1224,1239,1181,1211,2129472
2023-03-31,HDFCBANK,1206,1253,1156,1241,1571314
2023-04-01,HDFCBANK,1221,1258,1209,1236,4795544
2023-04-02,HDFCBANK,1214,1225,1171,1178,3337017
2023-04-03,HDFCBANK,1164,1211,1125,1201,1542014
2023-04-04,HDFCBANK,1225,1260,1170,1181,1576867
2023-04-05,HDFCBANK,1206,1259,1190,1236,2226642
2023-04-06,HDFCBANK,1234,1258,1214,1228,1385897
2023-04-07,HDFCBANK,1230,1254,1173,1184,674927
2023-04-08,HDFCBANK,1177,1200,1138,1164,983489
2023-04-09,HDFCBANK,1186,1211,1173,1197,4839466
2023-04-10,HDFCBANK,1208,1232,1162,1204,1092037
2023-04-11,HDFCBANK,1211,1222,1160,1207,2308137
2023-04-12,HDFCBANK,1232,1245,1204,1215,3705858
2023-04-13,HDFCBANK,1186,1209,1145,1162,3389468
2023-04-14,HDFCBANK,1162,1184,1138,1158,1476306
2023-04-15,HDFCBANK,1155,1180,1116,1131,4717558
2023-04-16,HDFCBANK,1102,1145,1076,1099,3293506
2023-04-17,HDFCBANK,1089,1137,1075,1085,4103510
2023-04-18,HDFCBANK,1093,1106,1058,1099,2980711
2023-04-19,HDFCBANK,1074,1093,1041,1084,4020705
2023-04-20,HDFCBANK,1097,1131,1048,1049,1925137
2023-04-21,HDFCBANK,1029,1089,975,1068,604199
2023-04-22,HDFCBANK,1067,1124,1013,1107,2253733
2023-04-23,HDFCBANK,1126,1138,1086,1095,590450
2023-04-24,HDFCBANK,1100,1113,1044,1088,520633
2023-04-25,HDFCBANK,1073,1132,1015,1036,3139805
2023-04-26,HDFCBANK,1026,1048,984,1046,3039589
2023-04-27,HDFCBANK,1029,1081,1007,1022,3599894
2023-04-28,HDFCBANK,1038,1079,1017,1047,2175966
2023-04-29,HDFCBANK,1062,1080,1017,1056,997903
2023-04-30,HDFCBANK,1031,1081,977,1048,2362743
2023-01-01,ICICIBANK,911,953,887,947,3885792
2023-01-02,ICICIBANK,968,981,933,945,740923
2023-01-03,ICICIBANK,960,1008,925,982,577394
2023-01-04,ICICIBANK,969,1012,951,993,831004
2023-01-05,ICICIBANK,969,1027,917,932,4250200
2023-01-06,ICICIBANK,904,924,880,919,677022
2023-01-07,ICICIBANK,945,955,908,927,4417999
2023-01-08,ICICIBANK,944,972,914,933,3642659
2023-01-09,ICICIBANK,927,960,895,895,4625816
2023-01-10,ICICIBANK,924,962,899,918,4012954
2023-01-11,ICICIBANK,946,973,924,937,3483216
2023-01-12,ICICIBANK,917,961,857,944,4302105
2023-01-13,ICICIBANK,935,959,911,946,1157271
2023-01-14,ICICIBANK,925,936,906,908,527513
2023-01-15,ICICIBANK,925,944,871,921,590340
2023-01-16,ICICIBANK,893,953,877,931,2493697
2023-01-17,ICICIBANK,959,1009,934,939,3947465
2023-01-18,ICICIBANK,932,984,884,950,2081258
2023-01-19,ICICIBANK,973,1008,951,998,3513317
2023-01-20,ICICIBANK,1022,1077,1010,1072,2191621
2023-01-21,ICICIBANK,1098,1139,1038,1041,3460647
2023-01-22,ICICIBANK,1056,1094,1034,1075,1315692
2023-01-23,ICICIBANK,1068,1119,1035,1095,1431116
2023-01-24,ICICIBANK,1068,1109,1024,1043,731691
2023-01-25,ICICIBANK,1042,1099,1012,1095,1721212
2023-01-26,ICICIBANK,1122,1145,1080,1083,1756380
2023-01-27,ICICIBANK,1103,1133,1043,1133,1965029
2023-01-28,ICICIBANK,1144,1185,1098,1140,1896196
2023-01-29,ICICIBANK,1150,1164,1124,1154,1270594
2023-01-30,ICICIBANK,1155,1202,1123,1124,2376600
2023-01-31,ICICIBANK,1105,1136,1072,1081,2555854
2023-02-01,ICICIBANK,1053,1107,1018,1046,850791
2023-02-02,ICICIBANK,1064,1080,1014,1029,1922106
2023-02-03,ICICIBANK,1030,1064,990,1033,3008857
2023-02-04,ICICIBANK,1049,1084,1017,1080,4616150
2023-02-05,ICICIBANK,1092,1150,1033,1034,2451067
2023-02-06,ICICIBANK,1006,1059,981,1032,3685904
2023-02-07,ICICIBANK,1022,1056,1006,1022,2112827
2023-02-08,ICICIBANK,999,1044,939,971,4467470
2023-02-09,ICICIBANK,955,1013,922,1009,4977323
2023-02-10,ICICIBANK,981,1014,962,985,2857209
2023-02-11,ICICIBANK,963,987,938,949,1135517
2023-02-12,ICICIBANK,944,965,908,931,894484
2023-02-13,ICICIBANK,916,936,896,935,2893993
2023-02-14,ICICIBANK,961,1016,921,1004,3620347
2023-02-15,ICICIBANK,1023,1042,987,1035,854177
2023-02-16,ICICIBANK,1012,1026,987,1019,552627
2023-02-17,ICICIBANK,1046,1087,987,1038,919840
2023-02-18,ICICIBANK,1065,1080,1026,1034,3371588
2023-02-19,ICICIBANK,1046,1069,999,1038,1437661
2023-02-20,ICICIBANK,1012,1033,975,1015,889596
2023-02-21,ICICIBANK,1001,1035,989,1020,799077
2023-02-22,ICICIBANK,1040,1069,1026,1035,3278473
2023-02-23,ICICIBANK,1062,1116,1011,1113,1281832
2023-02-24,ICICIBANK,1127,1166,1076,1079,3585121
2023-02-25,ICICIBANK,1053,1081,1011,1060,4858654
2023-02-26,ICICIBANK,1079,1099,1047,1070,2791737
2023-02-27,ICICIBANK,1049,1061,1014,1025,3495707
2023-02-28,ICICIBANK,1035,1073,994,1058,559330
2023-03-01,ICICIBANK,1065,1095,1045,1092,4304995
2023-03-02,ICICIBANK,1107,1119,1051,1115,4846886
2023-03-03,ICICIBANK,1101,1115,1054,1108,3426122
2023-03-04,ICICIBANK,1135,1147,1100,1106,2813327
2023-03-05,ICICIBANK,1126,1161,1086,1124,2348362
2023-03-06,ICICIBANK,1150,1163,1126,1147,1396595
2023-03-07,ICICIBANK,1134,1165,1085,1151,4909814
2023-03-08,ICICIBANK,1168,1217,1134,1167,556034
2023-03-09,ICICIBANK,1162,1219,1113,1184,2155910
2023-03-10,ICICIBANK,1200,1213,1155,1155,2387855
2023-03-11,ICICIBANK,1158,1194,1122,1166,1920708
2023-03-12,ICICIBANK,1177,1212,1131,1205,668587
2023-03-13,ICICIBANK,1187,1221,1140,1213,1791701
2023-03-14,ICICIBANK,1231,1275,1178,1213,4146015
2023-03-15,ICICIBANK,1214,1247,1189,1244,4055622
2023-03-16,ICICIBANK,1220,1238,1208,1226,4051010
2023-03-17,ICICIBANK,1229,1253,1207,1234,4181334
2023-03-18,ICICIBANK,1260,1304,1205,1249,2882647
2023-03-19,ICICIBANK,1265,1283,1249,1249,3619976
2023-03-20,ICICIBANK,1244,1292,1193,1213,1041916
2023-03-21,ICICIBANK,1235,1268,1195,1246,3995364
2023-03-22,ICICIBANK,1238,1283,1205,1236,556644
2023-03-23,ICICIBANK,1218,1253,1158,1225,2223937
2023-03-24,ICICIBANK,1229,1255,1205,1215,3040776
2023-03-25,ICICIBANK,1242,1264,1191,1216,4060052
2023-03-26,ICICIBANK,1223,1245,1173,1210,2734246
2023-03-27,ICICIBANK,1228,1287,1181,1206,4461531
2023-03-28,ICICIBANK,1231,1248,1206,1214,2384168
2023-03-29,ICICIBANK,1205,1248,1162,1207,3378724
2023-03-30,ICICIBANK,1191,1251,1169,1242,1369428
2023-03-31,ICICIBANK,1230,1265,1179,1244,2512742
2023-04-01,ICICIBANK,1251,1269,1241,1269,3512131
2023-04-02,ICICIBANK,1267,1289,1223,1228,884262
2023-04-03,ICICIBANK,1226,1269,1194,1197,3224324
2023-04-04,ICICIBANK,1189,1226,1155,1189,1302141
2023-04-05,ICICIBANK,1200,1223,1190,1195,1939325
2023-04-06,ICICIBANK,1185,1236,1150,1198,3096432
2023-04-07,ICICIBANK,1219,1246,1203,1209,3296149
2023-04-08,ICICIBANK,1181,1223,1151,1205,990637
2023-04-09,ICICIBANK,1190,1228,1174,1177,1238563
2023-04-10,ICICIBANK,1170,1227,1124,1201,1270661
2023-04-11,ICICIBANK,1223,1237,1170,1231,2580648
2023-04-12,ICICIBANK,1240,1280,1211,1236,2659264
2023-04-13,ICICIBANK,1215,1265,1203,1261,1139679
2023-04-14,ICICIBANK,1252,1284,1241,1265,4989968
2023-04-15,ICICIBANK,1288,1324,1243,1280,3485753
2023-04-16,ICICIBANK,1302,1355,1275,1288,916120
2023-04-17,ICICIBANK,1265,1281,1238,1241,4335452
2023-04-18,ICICIBANK,1228,1263,1201,1229,2683665
2023-04-19,ICICIBANK,1238,1294,1211,1229,1396179
2023-04-20,ICICIBANK,1249,1302,1225,1236,1064854
2023-04-21,ICICIBANK,1255,1275,1236,1247,3593269
2023-04-22,ICICIBANK,1262,1286,1214,1260,2709172
2023-04-23,ICICIBANK,1254,1272,1200,1226,2094119
2023-04-24,ICICIBANK,1252,1272,1208,1244,4544248
2023-04-25,ICICIBANK,1234,1270,1175,1220,734759
2023-04-26,ICICIBANK,1202,1212,1186,1191,1957369
2023-04-27,ICICIBANK,1198,1237,1145,1236,1563130
2023-04-28,ICICIBANK,1209,1259,1158,1237,3602900
2023-04-29,ICICIBANK,1247,1275,1211,1230,2656937
2023-04-30,ICICIBANK,1214,1247,1171,1197,3127588
2023-01-01,SBIN,619,636,578,616,1684211
2023-01-02,SBIN,616,651,572,617,4805732
2023-01-03,SBIN,628,688,582,624,1861371
2023-01-04,SBIN,606,644,567,570,4265933
2023-01-05,SBIN,541,581,511,525,3862869
2023-01-06,SBIN,520,579,460,568,2758289
2023-01-07,SBIN,550,567,503,514,3891322
2023-01-08,SBIN,501,550,487,496,2415017
2023-01-09,SBIN,472,487,452,452,4783130
2023-01-10,SBIN,472,495,414,479,2972397
2023-01-11,SBIN,453,498,422,458,3065214
2023-01-12,SBIN,444,470,410,449,1586419
2023-01-13,SBIN,444,459,410,426,3231793
2023-01-14,SBIN,431,478,406,471,765593
2023-01-15,SBIN,499,534,450,521,1821082
2023-01-16,SBIN,535,564,486,492,3478975
2023-01-17,SBIN,507,529,492,503,4877654
2023-01-18,SBIN,484,517,468,497,1000563
2023-01-19,SBIN,482,492,454,468,743716
2023-01-20,SBIN,449,467,406,456,2524395
2023-01-21,SBIN,429,456,418,435,4951923
2023-01-22,SBIN,448,491,428,485,1409438
2023-01-23,SBIN,475,510,461,463,1785934
2023-01-24,SBIN,440,489,402,450,2407959
2023-01-25,SBIN,439,480,411,458,916000
2023-01-26,SBIN,436,466,378,441,1883687
2023-01-27,SBIN,412,450,384,389,4992686
2023-01-28,SBIN,382,392,346,347,3697180
2023-01-29,SBIN,359,414,315,323,2619618
2023-01-30,SBIN,326,351,290,301,4935634
2023-01-31,SBIN,296,320,281,286,760151
2023-02-01,SBIN,297,335,287,300,3972125
2023-02-02,SBIN,288,317,234,309,2615667
2023-02-03,SBIN,297,309,285,304,3097375
2023-02-04,SBIN,303,337,287,305,2846665
2023-02-05,SBIN,291,334,259,303,4126141
2023-02-06,SBIN,283,317,267,270,4317782
2023-02-07,SBIN,256,277,199,271,3377185
2023-02-08,SBIN,253,264,232,239,3916618
2023-02-09,SBIN,211,268,153,153,4360971
2023-02-10,SBIN,177,237,127,217,4293745
2023-02-11,SBIN,241,294,204,218,1956636
2023-02-12,SBIN,194,209,146,182,634659
2023-02-13,SBIN,188,221,147,197,3055707
2023-02-14,SBIN,170,208,110,174,846064
2023-02-15,SBIN,157,197,113,133,3212752
2023-02-16,SBIN,157,207,138,160,4097885
2023-02-17,SBIN,181,204,123,202,4343047
2023-02-18,SBIN,173,207,136,150,813453
2023-02-19,SBIN,158,197,122,163,1236394
2023-02-20,SBIN,183,215,145,202,809665
2023-02-21,SBIN,173,223,122,157,2784641
2023-02-22,SBIN,153,188,114,154,3031023
2023-02-23,SBIN,169,217,137,162,1121966
2023-02-24,SBIN,166,195,127,132,4936685
2023-02-25,SBIN,103,141,91,119,2443814
2023-02-26,SBIN,109,119,61,72,2009370
2023-02-27,SBIN,70,85,21,54,3098304
2023-02-28,SBIN,41,92,30,65,1926350
2023-03-01,SBIN,48,87,1,36,2214185
2023-03-02,SBIN,63,76,42,76,1568807
2023-03-03,SBIN,79,112,20,101,1769650
2023-03-04,SBIN,77,126,25,34,3409293
2023-03-05,SBIN,62,89,23,60,3853448
2023-03-06,SBIN,72,91,34,87,873795
2023-03-07,SBIN,70,116,53,113,1161635
2023-03-08,SBIN,112,171,75,103,2101765
2023-03-09,SBIN,129,156,96,130,4191243
2023-03-10,SBIN,128,160,79,84,2744037
2023-03-11,SBIN,90,148,74,79,4744002
2023-03-12,SBIN,90,102,69,99,4028359
2023-03-13,SBIN,104,146,76,80,2803038
2023-03-14,SBIN,55,68,6,29,1266991
2023-03-15,SBIN,47,81,-11,-4,1017334
2023-03-16,SBIN,-1,30,-37,-7,3697102
2023-03-17,SBIN,2,40,-13,6,3259064
2023-03-18,SBIN,8,46,-48,-40,1274719
2023-03-19,SBIN,-40,9,-73,-10,2806575
2023-03-20,SBIN,-2,16,-55,-49,2074953
2023-03-21,SBIN,-41,14,-65,-55,1017305
2023-03-22,SBIN,-44,4,-83,-26,1153761
2023-03-23,SBIN,-10,3,-58,-12,3179540
2023-03-24,SBIN,-13,26,-33,20,2766748
2023-03-25,SBIN,44,96,22,86,2852685
2023-03-26,SBIN,59,88,1,6,4799604
2023-03-27,SBIN,-13,43,-52,-32,3854452
2023-03-28,SBIN,-62,-41,-101,-57,3962971
2023-03-29,SBIN,-59,-26,-112,-85,2757555
2023-03-30,SBIN,-106,-56,-145,-98,1564036
2023-03-31,SBIN,-110,-91,-158,-119,2611572
2023-04-01,SBIN,-122,-65,-137,-74,878938
2023-04-02,SBIN,-87,-38,-128,-120,1795343
2023-04-03,SBIN,-133,-120,-154,-131,2791484
2023-04-04,SBIN,-107,-60,-119,-107,1191468
2023-04-05,SBIN,-134,-89,-194,-176,1268742
2023-04-06,SBIN,-191,-166,-234,-200,1777337
2023-04-07,SBIN,-197,-170,-225,-206,2404266
2023-04-08,SBIN,-223,-192,-262,-225,3590104
2023-04-09,SBIN,-232,-214,-252,-223,617077
2023-04-10,SBIN,-251,-197,-268,-214,2931945
2023-04-11,SBIN,-186,-141,-231,-157,4678379
2023-04-12,SBIN,-181,-146,-194,-184,4840980
2023-04-13,SBIN,-194,-162,-244,-187,1178749
2023-04-14,SBIN,-196,-172,-237,-229,2031086
2023-04-15,SBIN,-215,-156,-273,-235,4825023
2023-04-16,SBIN,-238,-209,-249,-236,1723488
2023-04-17,SBIN,-230,-209,-240,-233,1583532
2023-04-18,SBIN,-219,-197,-271,-224,4850345
2023-04-19,SBIN,-214,-157,-234,-189,809974
2023-04-20,SBIN,-207,-184,-251,-210,2111462
2023-04-21,SBIN,-203,-176,-254,-222,4641080
2023-04-22,SBIN,-235,-197,-281,-204,2872726
2023-04-23,SBIN,-218,-180,-244,-206,795842
2023-04-24,SBIN,-197,-153,-229,-191,3916042
2023-04-25,SBIN,-215,-197,-230,-219,2565467
2023-04-26,SBIN,-198,-146,-219,-191,4087684
2023-04-27,SBIN,-209,-184,-245,-241,1812073
2023-04-28,SBIN,-212,-165,-245,-171,2706517
2023-04-29,SBIN,-148,-109,-194,-111,3068466
2023-04-30,SBIN,-139,-108,-184,-149,4327356
2023-01-01,WIPRO,428,472,386,421,4920438
2023-01-02,WIPRO,443,487,414,444,836894
2023-01-03,WIPRO,467,513,424,498,4737906
2023-01-04,WIPRO,506,553,475,512,1690953
2023-01-05,WIPRO,489,515,471,493,4593715
2023-01-06,WIPRO,486,530,443,483,575961
2023-01-07,WIPRO,495,546,463,508,3560321
2023-01-08,WIPRO,519,542,473,522,4571766
2023-01-09,WIPRO,502,528,456,498,3084030
2023-01-10,WIPRO,490,515,474,477,2755853
2023-01-11,WIPRO,485,529,444,485,2236458
2023-01-12,WIPRO,495,526,476,520,1246453
2023-01-13,WIPRO,492,526,481,487,3796766
2023-01-14,WIPRO,458,497,440,468,1372931
2023-01-15,WIPRO,473,486,439,450,4907816
2023-01-16,WIPRO,434,467,392,443,1053642
2023-01-17,WIPRO,467,495,439,495,1417984
2023-01-18,WIPRO,505,532,468,519,3735344
2023-01-19,WIPRO,494,551,469,517,2333117
2023-01-20,WIPRO,519,550,506,509,800390
2023-01-21,WIPRO,487,499,448,485,4756880
2023-01-22,WIPRO,470,489,411,444,3870637
2023-01-23,WIPRO,474,516,464,496,1031687
2023-01-24,WIPRO,504,523,490,506,847401
2023-01-25,WIPRO,476,531,457,478,657081
2023-01-26,WIPRO,459,483,447,481,3592100
2023-01-27,WIPRO,501,517,486,487,1220098
2023-01-28,WIPRO,487,530,472,500,4758701
2023-01-29,WIPRO,494,535,456,461,4780583
2023-01-30,WIPRO,468,487,445,470,4340908
2023-01-31,WIPRO,459,499,437,492,1265091
2023-02-01,WIPRO,467,505,420,424,1677028
2023-02-02,WIPRO,450,488,395,460,2948725
2023-02-03,WIPRO,485,509,462,462,3844974
2023-02-04,WIPRO,440,460,419,424,1007198
2023-02-05,WIPRO,425,460,409,440,2058286
2023-02-06,WIPRO,419,435,388,402,3372759
2023-02-07,WIPRO,377,403,330,341,1719843
2023-02-08,WIPRO,314,340,284,317,665017
2023-02-09,WIPRO,345,377,319,325,2491273
2023-02-10,WIPRO,331,386,314,331,3613744
2023-02-11,WIPRO,352,370,320,361,4316268
2023-02-12,WIPRO,362,385,312,373,2762677
2023-02-13,WIPRO,351,399,303,330,3680803
2023-02-14,WIPRO,324,370,285,326,3739674
2023-02-15,WIPRO,296,340,269,276,3119628
2023-02-16,WIPRO,257,301,211,234,3859607
2023-02-17,WIPRO,240,251,193,222,1678732
2023-02-18,WIPRO,211,263,177,205,4172203
2023-02-19,WIPRO,215,237,195,232,1655434
2023-02-20,WIPRO,235,286,208,209,995185
2023-02-21,WIPRO,216,252,157,237,3749372
2023-02-22,WIPRO,234,294,195,241,2207597
2023-02-23,WIPRO,243,277,186,260,3443385
2023-02-24,WIPRO,274,316,235,312,4251513
2023-02-25,WIPRO,309,328,271,278,3211190
2023-02-26,WIPRO,256,309,215,250,2269549
2023-02-27,WIPRO,269,317,221,271,2673037
2023-02-28,WIPRO,285,308,266,289,2887681
2023-03-01,WIPRO,278,331,256,297,818831
2023-03-02,WIPRO,311,349,285,319,3435956
2023-03-03,WIPRO,305,358,293,325,1475716
2023-03-04,WIPRO,349,379,295,374,4982541
2023-03-05,WIPRO,352,389,307,376,2116435
2023-03-06,WIPRO,351,381,333,358,2006832
2023-03-07,WIPRO,376,418,355,370,4677581
2023-03-08,WIPRO,387,410,343,382,1700550
2023-03-09,WIPRO,403,456,374,374,1993796
2023-03-10,WIPRO,382,393,369,386,2890379
2023-03-11,WIPRO,356,366,303,360,1159850
2023-03-12,WIPRO,349,394,291,349,4403833
2023-03-13,WIPRO,370,381,313,323,4941930
2023-03-14,WIPRO,297,322,287,317,3318985
2023-03-15,WIPRO,344,387,299,305,4625835
2023-03-16,WIPRO,327,352,267,315,595823
2023-03-17,WIPRO,289,333,231,257,1388866
2023-03-18,WIPRO,238,290,178,257,2629740
2023-03-19,WIPRO,253,270,212,215,1234921
2023-03-20,WIPRO,220,244,170,239,3301569
2023-03-21,WIPRO,229,273,195,233,3154439
2023-03-22,WIPRO,255,287,207,284,4894240
2023-03-23,WIPRO,275,308,237,262,4174127
2023-03-24,WIPRO,256,274,200,272,1568594
2023-03-25,WIPRO,274,308,248,266,3888915
2023-03-26,WIPRO,264,285,228,276,2149833
2023-03-27,WIPRO,255,279,245,259,2457799
2023-03-28,WIPRO,286,343,254,314,3082303
2023-03-29,WIPRO,322,361,297,299,1793233
2023-03-30,WIPRO,287,340,255,330,4331988
2023-03-31,WIPRO,349,366,319,321,1461622
2023-04-01,WIPRO,296,345,247,318,2225262
2023-04-02,WIPRO,342,374,291,306,4927410
2023-04-03,WIPRO,278,308,231,256,1293372
2023-04-04,WIPRO,272,324,256,266,3289814
2023-04-05,WIPRO,242,253,205,210,3514453
2023-04-06,WIPRO,239,283,227,241,1139332
2023-04-07,WIPRO,219,248,176,207,1246842
2023-04-08,WIPRO,233,279,202,215,2216942
2023-04-09,WIPRO,201,225,161,220,4889584
2023-04-10,WIPRO,222,261,188,195,4240096
2023-04-11,WIPRO,211,261,171,193,1078096
2023-04-12,WIPRO,166,210,110,117,3470647
2023-04-13,WIPRO,100,118,42,42,2332223
2023-04-14,WIPRO,43,92,28,47,2938492
2023-04-15,WIPRO,25,42,6,22,803468
2023-04-16,WIPRO,20,80,8,49,1660930
2023-04-17,WIPRO,60,77,42,47,4849391
2023-04-18,WIPRO,27,38,-2,36,3550059
2023-04-19,WIPRO,57,72,-1,48,1732677
2023-04-20,WIPRO,32,57,15,44,576602
2023-04-21,WIPRO,64,107,21,87,1654819
2023-04-22,WIPRO,69,129,35,111,3495351
2023-04-23,WIPRO,98,157,80,123,4999156
2023-04-24,WIPRO,125,173,108,128,1787175
2023-04-25,WIPRO,146,158,113,128,2279191
2023-04-26,WIPRO,107,121,48,88,1964231
2023-04-27,WIPRO,112,130,62,115,2105761
2023-04-28,WIPRO,100,159,74,87,4651507
2023-04-29,WIPRO,72,117,46,93,2782709
2023-04-30,WIPRO,115,175,67,160,2355116
2023-01-01,HCLTECH,1176,1220,1116,1140,2046035
2023-01-02,HCLTECH,1143,1163,1097,1099,3700100
2023-01-03,HCLTECH,1103,1163,1067,1085,3836666
2023-01-04,HCLTECH,1056,1083,1003,1033,1807789
2023-01-05,HCLTECH,1034,1089,983,1077,4006150
2023-01-06,HCLTECH,1057,1114,1036,1098,2550867
2023-01-07,HCLTECH,1070,1122,1025,1029,3797434
2023-01-08,HCLTECH,1036,1087,1018,1024,2546523
2023-01-09,HCLTECH,1036,1056,985,1056,4712406
2023-01-10,HCLTECH,1047,1067,998,1047,2941952
2023-01-11,HCLTECH,1043,1079,1023,1041,1211064
2023-01-12,HCLTECH,1068,1123,1033,1086,3158313
2023-01-13,HCLTECH,1096,1129,1083,1110,2993165
2023-01-14,HCLTECH,1100,1150,1080,1150,1776302
2023-01-15,HCLTECH,1145,1162,1097,1144,721539
2023-01-16,HCLTECH,1166,1190,1156,1186,1867673
2023-01-17,HCLTECH,1161,1176,1150,1163,990559
2023-01-18,HCLTECH,1170,1223,1122,1142,2991417
2023-01-19,HCLTECH,1141,1177,1108,1116,3054934
2023-01-20,HCLTECH,1146,1171,1096,1157,3858302
2023-01-21,HCLTECH,1184,1241,1129,1208,3236130
2023-01-22,HCLTECH,1201,1223,1170,1189,3037067
2023-01-23,HCLTECH,1205,1231,1147,1210,4832392
2023-01-24,HCLTECH,1196,1219,1154,1173,958403
2023-01-25,HCLTECH,1186,1198,1159,1164,2441632
2023-01-26,HCLTECH,1175,1189,1127,1157,2048720
2023-01-27,HCLTECH,1166,1210,1152,1176,3317965
2023-01-28,HCLTECH,1178,1233,1158,1231,2885768
2023-01-29,HCLTECH,1217,1249,1157,1191,4278727
2023-01-30,HCLTECH,1181,1226,1165,1184,2021180
2023-01-31,HCLTECH,1165,1195,1135,1183,1884090
2023-02-01,HCLTECH,1200,1224,1179,1205,4351909
2023-02-02,HCLTECH,1182,1229,1149,1223,2731209
2023-02-03,HCLTECH,1194,1249,1136,1189,3828729
2023-02-04,HCLTECH,1208,1225,1158,1221,3129156
2023-02-05,HCLTECH,1226,1275,1215,1256,2714672
2023-02-06,HCLTECH,1280,1292,1230,1265,4378578
2023-02-07,HCLTECH,1291,1327,1260,1276,2314523
2023-02-08,HCLTECH,1251,1275,1236,1269,2766581
2023-02-09,HCLTECH,1264,1313,1205,1245,3832623
2023-02-10,HCLTECH,1217,1258,1173,1193,1424148
2023-02-11,HCLTECH,1170,1223,1145,1213,2033995
2023-02-12,HCLTECH,1235,1251,1176,1220,4739225
2023-02-13,HCLTECH,1209,1235,1193,1208,2043531
2023-02-14,HCLTECH,1199,1220,1148,1176,4799504
2023-02-15,HCLTECH,1196,1216,1152,1167,3124314
2023-02-16,HCLTECH,1164,1220,1136,1143,507184
2023-02-17,HCLTECH,1154,1207,1143,1173,2001723
2023-02-18,HCLTECH,1147,1185,1094,1097,4715235
2023-02-19,HCLTECH,1089,1112,1048,1099,2759042
2023-02-20,HCLTECH,1071,1097,1037,1064,3627678
2023-02-21,HCLTECH,1057,1099,1022,1094,2391753
2023-02-22,HCLTECH,1076,1105,1064,1083,2583384
2023-02-23,HCLTECH,1076,1095,1032,1072,1699922
2023-02-24,HCLTECH,1061,1079,1014,1029,4004852
2023-02-25,HCLTECH,1017,1071,976,1021,4043500
2023-02-26,HCLTECH,1011,1029,993,1007,2065551
2023-02-27,HCLTECH,1020,1041,993,1035,4035878
2023-02-28,HCLTECH,1048,1074,988,1011,4439709
2023-03-01,HCLTECH,986,1001,952,983,1393688
2023-03-02,HCLTECH,980,1038,937,970,3925048
2023-03-03,HCLTECH,987,1020,952,973,1065944
2023-03-04,HCLTECH,952,968,898,918,4246669
2023-03-05,HCLTECH,916,936,882,885,3130997
2023-03-06,HCLTECH,880,920,836,866,4980737
2023-03-07,HCLTECH,855,890,818,830,553559
2023-03-08,HCLTECH,860,888,841,863,3529448
2023-03-09,HCLTECH,890,948,850,914,2567614
2023-03-10,HCLTECH,922,960,912,943,3037753
2023-03-11,HCLTECH,922,953,873,887,2638999
2023-03-12,HCLTECH,872,917,813,916,1641967
2023-03-13,HCLTECH,906,961,868,897,1751204
2023-03-14,HCLTECH,927,969,877,906,973009
2023-03-15,HCLTECH,931,945,887,911,568853
2023-03-16,HCLTECH,938,966,891,931,3406456
2023-03-17,HCLTECH,902,931,885,890,2710320
2023-03-18,HCLTECH,873,928,852,869,2794596
2023-03-19,HCLTECH,862,895,812,823,2326492
2023-03-20,HCLTECH,852,899,818,887,1334971
2023-03-21,HCLTECH,907,929,888,914,580759
2023-03-22,HCLTECH,935,971,901,955,2659049
2023-03-23,HCLTECH,952,970,896,952,803375
2023-03-24,HCLTECH,977,998,952,953,2353084
2023-03-25,HCLTECH,938,981,904,931,1369210
2023-03-26,HCLTECH,921,958,907,952,645497
2023-03-27,HCLTECH,955,974,897,967,3164892
2023-03-28,HCLTECH,957,990,946,971,4802364
2023-03-29,HCLTECH,986,1006,954,964,3438885
2023-03-30,HCLTECH,943,996,906,943,3886370
2023-03-31,HCLTECH,961,980,918,959,2209859
2023-04-01,HCLTECH,939,951,896,944,2648509
2023-04-02,HCLTECH,935,960,877,926,2051428
2023-04-03,HCLTECH,940,971,918,934,3099106
2023-04-04,HCLTECH,944,960,894,898,1326611
2023-04-05,HCLTECH,903,938,847,907,3392472
2023-04-06,HCLTECH,937,965,922,933,2846638
2023-04-07,HCLTECH,956,975,898,943,4548029
2023-04-08,HCLTECH,952,968,931,966,3787817
2023-04-09,HCLTECH,938,961,909,913,894325
2023-04-10,HCLTECH,889,929,858,928,4890283
2023-04-11,HCLTECH,912,962,891,922,4997121
2023-04-12,HCLTECH,921,954,870,913,1078651
2023-04-13,HCLTECH,892,916,867,887,2216368
2023-04-14,HCLTECH,891,925,842,856,920629
2023-04-15,HCLTECH,830,873,779,845,3803873
2023-04-16,HCLTECH,815,833,776,810,945399
2023-04-17,HCLTECH,783,831,773,822,4648755
2023-04-18,HCLTECH,841,859,816,852,2816399
2023-04-19,HCLTECH,853,906,795,887,4545338
2023-04-20,HCLTECH,886,906,852,864,4303765
2023-04-21,HCLTECH,866,880,851,871,1558780
2023-04-22,HCLTECH,870,888,817,877,1348674
2023-04-23,HCLTECH,884,936,858,898,4074298
2023-04-24,HCLTECH,889,901,858,899,3412939
2023-04-25,HCLTECH,928,975,903,974,4294236
2023-04-26,HCLTECH,968,985,943,980,710481
2023-04-27,HCLTECH,1005,1044,946,948,2608077
2023-04-28,HCLTECH,941,978,901,945,2681514
2023-04-29,HCLTECH,940,963,905,923,4063431
2023-04-30,HCLTECH,926,970,898,900,2895954
2023-01-01,LT,2975,2991,2941,2944,4061323
2023-01-02,LT,2942,2981,2912,2930,3511263
2023-01-03,LT,2957,2987,2926,2979,3915694
2023-01-04,LT,2955,2995,2906,2956,1715317
2023-01-05,LT,2931,2959,2894,2937,4048437
2023-01-06,LT,2954,2988,2941,2947,4853452
2023-01-07,LT,2950,2974,2892,2954,4377262
2023-01-08,LT,2934,2964,2902,2957,3424745
2023-01-09,LT,2945,2991,2912,2969,3571705
2023-01-10,LT,2952,3008,2922,3003,2753708
2023-01-11,LT,2987,3007,2963,2987,3477232
2023-01-12,LT,3013,3033,2971,2986,2031719
2023-01-13,LT,2967,2985,2925,2964,4443783
2023-01-14,LT,2959,3008,2904,2998,2665501
2023-01-15,LT,2973,2992,2936,2973,776272
2023-01-16,LT,2962,2973,2923,2938,3943191
2023-01-17,LT,2922,2951,2895,2947,4104815
2023-01-18,LT,2952,2986,2897,2964,640368
2023-01-19,LT,2960,3004,2916,2967,2255378
2023-01-20,LT,2997,3036,2960,2977,3770575
2023-01-21,LT,2969,3013,2931,2942,3103578
2023-01-22,LT,2951,2999,2927,2975,1866755
2023-01-23,LT,2973,3008,2951,3002,1003682
2023-01-24,LT,3028,3066,2978,3015,2949284
2023-01-25,LT,3026,3074,3013,3056,820544
2023-01-26,LT,3047,3068,2988,3031,1134012
2023-01-27,LT,3025,3062,3002,3009,3108128
2023-01-28,LT,3019,3066,3008,3055,3102516
2023-01-29,LT,3058,3096,3047,3075,1445598
2023-01-30,LT,3081,3140,3065,3106,2217288
2023-01-31,LT,3090,3113,3054,3106,2514408
2023-02-01,LT,3078,3091,3062,3090,2110195
2023-02-02,LT,3118,3142,3088,3139,3543291
2023-02-03,LT,3148,3190,3101,3109,1496721
2023-02-04,LT,3138,3195,3090,3115,831380
2023-02-05,LT,3107,3117,3069,3098,746652
2023-02-06,LT,3078,3100,3023,3027,537323
2023-02-07,LT,3044,3063,2984,3035,4200094
2023-02-08,LT,3053,3070,3000,3000,2604208
2023-02-09,LT,2988,3027,2937,2964,1422842
2023-02-10,LT,2988,3003,2945,2961,2252565
2023-02-11,LT,2953,2992,2895,2979,2722467
2023-02-12,LT,2961,2988,2910,2964,2521494
2023-02-13,LT,2949,2979,2889,2958,2377008
2023-02-14,LT,2934,2975,2887,2913,3043941
2023-02-15,LT,2921,2972,2880,2896,2350978
2023-02-16,LT,2911,2925,2886,2908,3756235
2023-02-17,LT,2915,2972,2887,2934,3433264
2023-02-18,LT,2911,2926,2871,2900,1906687
2023-02-19,LT,2872,2884,2814,2865,2821093
2023-02-20,LT,2889,2907,2864,2906,1346666
2023-02-21,LT,2925,2979,2865,2867,3823581
2023-02-22,LT,2873,2926,2836,2878,1320312
2023-02-23,LT,2887,2945,2853,2895,3946987
2023-02-24,LT,2892,2920,2863,2866,4500969
2023-02-25,LT,2843,2878,2821,2826,2358867
2023-02-26,LT,2804,2855,2757,2771,4166376
2023-02-27,LT,2749,2808,2704,2807,2696831
2023-02-28,LT,2833,2874,2802,2821,4596300
2023-03-01,LT,2818,2837,2790,2800,773376
2023-03-02,LT,2805,2862,2763,2799,707702
2023-03-03,LT,2776,2830,2753,2807,1519743
2023-03-04,LT,2835,2861,2825,2844,3183940
2023-03-05,LT,2816,2837,2758,2799,1065238
2023-03-06,LT,2803,2823,2792,2807,3562750
2023-03-07,LT,2790,2823,2777,2816,3703031
2023-03-08,LT,2813,2833,2777,2805,3089525
2023-03-09,LT,2832,2858,2799,2849,1765460
2023-03-10,LT,2863,2915,2844,2905,3449857
2023-03-11,LT,2935,2969,2905,2927,3282127
2023-03-12,LT,2925,2950,2873,2901,2014238
2023-03-13,LT,2891,2901,2861,2893,956142
2023-03-14,LT,2915,2947,2900,2913,2905748
2023-03-15,LT,2923,2961,2868,2941,3360322
2023-03-16,LT,2942,2964,2916,2925,3046925
2023-03-17,LT,2954,2986,2895,2943,4860830
2023-03-18,LT,2941,2994,2913,2967,2671024
2023-03-19,LT,2952,2966,2934,2947,3064906
2023-03-20,LT,2927,2940,2884,2928,4928164
2023-03-21,LT,2943,2975,2887,2936,1841188
2023-03-22,LT,2929,2972,2877,2971,3473100
2023-03-23,LT,2982,3037,2955,2980,3230623
2023-03-24,LT,2968,3013,2931,2972,2166215
2023-03-25,LT,2976,3032,2963,2994,3105552
2023-03-26,LT,2967,3025,2908,3020,4381016
2023-03-27,LT,3024,3051,2979,3007,4643999
2023-03-28,LT,2987,3028,2942,3000,4593305
2023-03-29,LT,3014,3035,2959,3009,2046456
2023-03-30,LT,3032,3079,3019,3030,722926
2023-03-31,LT,3017,3036,2993,3017,2709878
2023-04-01,LT,3001,3042,2989,3040,4213714
2023-04-02,LT,3043,3099,3010,3013,4551156
2023-04-03,LT,3034,3089,2993,3043,585070
2023-04-04,LT,3023,3062,2968,3045,4177699
2023-04-05,LT,3042,3062,3002,3025,4239387
2023-04-06,LT,3034,3051,3015,3018,1114344
2023-04-07,LT,2990,3009,2963,2982,2159047
2023-04-08,LT,2970,3027,2934,2971,2564163
2023-04-09,LT,2971,3024,2925,3014,2262515
2023-04-10,LT,3014,3039,3001,3019,2574198
2023-04-11,LT,3011,3025,2983,2988,1433447
2023-04-12,LT,2964,2991,2943,2962,3230365
2023-04-13,LT,2984,3005,2944,2944,2826647
2023-04-14,LT,2942,2979,2891,2975,858993
2023-04-15,LT,2988,3023,2936,2994,2854037
2023-04-16,LT,2987,3010,2975,2999,750548
2023-04-17,LT,2972,3029,2948,2998,3379654
2023-04-18,LT,3024,3043,2976,3013,2621395
2023-04-19,LT,2986,3004,2964,2992,1478568
2023-04-20,LT,3004,3015,2952,2970,2651825
2023-04-21,LT,2983,3024,2931,2955,3657532
2023-04-22,LT,2953,2971,2917,2954,4579994
2023-04-23,LT,2932,2971,2879,2925,3861516
2023-04-24,LT,2932,2991,2899,2942,610937
2023-04-25,LT,2963,3005,2931,3001,3061724
2023-04-26,LT,3017,3075,2961,2978,3824424
2023-04-27,LT,2976,3031,2928,3008,3446989
2023-04-28,LT,3006,3039,2978,2993,591129
2023-04-29,LT,3003,3019,2993,3009,3908692
2023-04-30,LT,3020,3068,2985,3040,2051250
2023-01-01,AXISBANK,1114,1146,1054,1131,4614490
2023-01-02,AXISBANK,1110,1151,1100,1104,4762207
2023-01-03,AXISBANK,1133,1154,1112,1120,4196983
2023-01-04,AXISBANK,1121,1178,1092,1113,1530787
2023-01-05,AXISBANK,1089,1138,1074,1120,2527645
2023-01-06,AXISBANK,1130,1150,1086,1148,2299105
2023-01-07,AXISBANK,1121,1146,1101,1117,4047372
2023-01-08,AXISBANK,1133,1178,1091,1145,1119877
2023-01-09,AXISBANK,1152,1175,1141,1143,3083765
2023-01-10,AXISBANK,1149,1201,1133,1194,3686448
2023-01-11,AXISBANK,1177,1203,1159,1166,584288
2023-01-12,AXISBANK,1156,1189,1135,1135,803487
2023-01-13,AXISBANK,1157,1216,1146,1164,3656190
2023-01-14,AXISBANK,1143,1179,1119,1130,1364541
2023-01-15,AXISBANK,1146,1204,1128,1196,932472
2023-01-16,AXISBANK,1220,1234,1192,1213,4440686
2023-01-17,AXISBANK,1211,1222,1177,1200,2264193
2023-01-18,AXISBANK,1216,1236,1194,1219,3272034
2023-01-19,AXISBANK,1237,1251,1178,1238,4999205
2023-01-20,AXISBANK,1242,1263,1195,1228,4501916
2023-01-21,AXISBANK,1243,1269,1208,1267,3637709
2023-01-22,AXISBANK,1276,1326,1249,1279,1967477
2023-01-23,AXISBANK,1298,1344,1272,1296,886372
2023-01-24,AXISBANK,1299,1336,1255,1264,510912
2023-01-25,AXISBANK,1263,1286,1208,1260,2523706
2023-01-26,AXISBANK,1286,1337,1247,1293,4357093
2023-01-27,AXISBANK,1278,1334,1237,1242,4784345
2023-01-28,AXISBANK,1248,1295,1202,1215,2349470
2023-01-29,AXISBANK,1197,1225,1138,1147,3881812
2023-01-30,AXISBANK,1154,1165,1105,1134,4790993
2023-01-31,AXISBANK,1156,1203,1136,1156,3943850
2023-02-01,AXISBANK,1139,1194,1104,1168,2736339
2023-02-02,AXISBANK,1172,1212,1116,1119,1819116
2023-02-03,AXISBANK,1127,1170,1096,1137,4459663
2023-02-04,AXISBANK,1151,1171,1133,1137,3220129
2023-02-05,AXISBANK,1167,1195,1134,1187,4740831
2023-02-06,AXISBANK,1176,1225,1117,1224,771841
2023-02-07,AXISBANK,1213,1271,1157,1173,4700954
2023-02-08,AXISBANK,1144,1180,1103,1161,3481795
2023-02-09,AXISBANK,1191,1230,1156,1205,4568360
2023-02-10,AXISBANK,1226,1251,1210,1226,771474
2023-02-11,AXISBANK,1230,1246,1196,1196,3119586
2023-02-12,AXISBANK,1172,1200,1146,1181,2031020
2023-02-13,AXISBANK,1200,1250,1158,1161,2772376
2023-02-14,AXISBANK,1162,1188,1103,1146,1780044
2023-02-15,AXISBANK,1155,1196,1145,1176,682058
2023-02-16,AXISBANK,1159,1209,1139,1194,633352
2023-02-17,AXISBANK,1222,1261,1175,1178,1145050
2023-02-18,AXISBANK,1208,1246,1164,1224,3943122
2023-02-19,AXISBANK,1207,1231,1182,1188,1582012
2023-02-20,AXISBANK,1214,1267,1178,1249,2803174
2023-02-21,AXISBANK,1224,1277,1187,1220,3783778
2023-02-22,AXISBANK,1223,1248,1172,1187,1618501
2023-02-23,AXISBANK,1195,1206,1162,1193,2110848
2023-02-24,AXISBANK,1201,1211,1161,1196,3442700
2023-02-25,AXISBANK,1220,1238,1163,1216,2754088
2023-02-26,AXISBANK,1229,1272,1180,1187,1688107
2023-02-27,AXISBANK,1207,1234,1167,1229,2357106
2023-02-28,AXISBANK,1205,1224,1162,1177,3098780
2023-03-01,AXISBANK,1203,1240,1151,1184,1847283
2023-03-02,AXISBANK,1211,1226,1169,1187,3740750
2023-03-03,AXISBANK,1191,1203,1166,1169,611900
2023-03-04,AXISBANK,1172,1186,1158,1159,2663018
2023-03-05,AXISBANK,1152,1203,1114,1154,4593421
2023-03-06,AXISBANK,1159,1185,1129,1157,708612
2023-03-07,AXISBANK,1165,1192,1153,1183,2852704
2023-03-08,AXISBANK,1177,1190,1125,1154,1726109
2023-03-09,AXISBANK,1161,1199,1109,1181,4077180
2023-03-10,AXISBANK,1208,1264,1149,1170,2545718
2023-03-11,AXISBANK,1185,1238,1126,1182,4022306
2023-03-12,AXISBANK,1176,1226,1128,1164,3557636
2023-03-13,AXISBANK,1176,1197,1153,1159,2564868
2023-03-14,AXISBANK,1166,1208,1156,1192,3661569
2023-03-15,AXISBANK,1171,1204,1133,1193,1678184
2023-03-16,AXISBANK,1189,1243,1157,1175,3636857
2023-03-17,AXISBANK,1180,1234,1133,1211,1059639
2023-03-18,AXISBANK,1220,1230,1172,1201,3973980
2023-03-19,AXISBANK,1231,1263,1205,1242,803550
2023-03-20,AXISBANK,1217,1233,1203,1205,577831
2023-03-21,AXISBANK,1235,1272,1177,1261,2253678
2023-03-22,AXISBANK,1245,1265,1218,1252,543638
2023-03-23,AXISBANK,1252,1312,1198,1256,3605016
2023-03-24,AXISBANK,1234,1246,1187,1201,1276069
2023-03-25,AXISBANK,1218,1241,1196,1233,1138530
2023-03-26,AXISBANK,1238,1293,1199,1224,788501
2023-03-27,AXISBANK,1206,1234,1146,1161,1439858
2023-03-28,AXISBANK,1183,1195,1153,1154,2615166
2023-03-29,AXISBANK,1145,1186,1113,1145,3650997
2023-03-30,AXISBANK,1141,1177,1121,1154,3444449
2023-03-31,AXISBANK,1136,1184,1100,1103,2875286
2023-04-01,AXISBANK,1116,1140,1095,1115,931796
2023-04-02,AXISBANK,1134,1165,1110,1110,2388232
2023-04-03,AXISBANK,1137,1168,1085,1141,4074349
2023-04-04,AXISBANK,1119,1167,1074,1130,3880198
2023-04-05,AXISBANK,1151,1208,1126,1169,3500934
2023-04-06,AXISBANK,1190,1241,1140,1237,795479
2023-04-07,AXISBANK,1214,1234,1194,1227,2856953
2023-04-08,AXISBANK,1248,1271,1196,1263,2993597
2023-04-09,AXISBANK,1292,1325,1265,1309,1466754
2023-04-10,AXISBANK,1331,1368,1277,1355,2172979
2023-04-11,AXISBANK,1376,1425,1364,1371,2142180
2023-04-12,AXISBANK,1400,1423,1340,1351,1886713
2023-04-13,AXISBANK,1328,1353,1289,1316,628219
2023-04-14,AXISBANK,1309,1342,1276,1329,4928490
2023-04-15,AXISBANK,1313,1369,1270,1350,4690693
2023-04-16,AXISBANK,1330,1358,1313,1321,1366017
2023-04-17,AXISBANK,1292,1345,1263,1274,2500721
2023-04-18,AXISBANK,1280,1339,1245,1300,4617431
2023-04-19,AXISBANK,1273,1294,1262,1289,514731
2023-04-20,AXISBANK,1261,1296,1228,1295,668528
2023-04-21,AXISBANK,1288,1331,1248,1255,3630339
2023-04-22,AXISBANK,1264,1317,1252,1301,2116201
2023-04-23,AXISBANK,1311,1332,1268,1281,2705092
2023-04-24,AXISBANK,1267,1302,1208,1228,1042827
2023-04-25,AXISBANK,1208,1257,1198,1208,3083229
2023-04-26,AXISBANK,1232,1265,1214,1234,4561866
2023-04-27,AXISBANK,1248,1306,1198,1208,3054361
2023-04-28,AXISBANK,1228,1276,1215,1220,3101943
2023-04-29,AXISBANK,1206,1266,1172,1199,1159046
2023-04-30,AXISBANK,1180,1233,1168,1169,3888593
